,preco_medio,qtd_profissionais,casos_f32_f41
preco_medio,1.0,0.6803990974294708,0.6782803477989904
qtd_profissionais,0.6803990974294708,1.0,0.29430963550966716
casos_f32_f41,0.6782803477989904,0.29430963550966716,1.0
