,preco_medio,qtd_profissionais,casos_f32_f41
preco_medio,1.0,0.8625578497415678,0.10623443877086967
qtd_profissionais,0.8625578497415678,1.0,0.30583844679959904
casos_f32_f41,0.10623443877086967,0.30583844679959904,1.0
