cidade_oficial,uf_oficial,preco_medio,casos_f32_f41,Qtd_caps
Belém,AL,490.6283185840708,0.0,
Campinas,SP,419.66508941391464,92.0,13.0
Rio de Janeiro,RJ,402.8047486682301,30.0,33.0
Brasília,DF,398.5225996138318,38.0,13.0
Goiânia,GO,386.6056679308892,68.0,7.0
Manaus,AM,386.35606060606057,10.0,4.0
Fortaleza,CE,377.96504641350214,90.0,15.0
São Paulo,SP,363.8945980683991,972.0,79.0
Belo Horizonte,MG,362.507332806162,124.0,16.0
Salvador,BA,356.5137426900585,376.0,18.0
