cidade_oficial,uf_oficial,preco_medio,casos_f32_f41,Qtd_caps
São Paulo,SP,363.8945980683991,972.0,79.0
Salvador,BA,356.5137426900585,376.0,18.0
Curitiba,PR,318.20521483021486,230.0,14.0
Recife,PE,353.3644238517325,148.0,17.0
Belo Horizonte,MG,362.507332806162,124.0,16.0
Guarulhos,SP,331.28995433789953,106.0,6.0
Campinas,SP,419.66508941391464,92.0,13.0
Fortaleza,CE,377.96504641350214,90.0,15.0
Goiânia,GO,386.6056679308892,68.0,7.0
Brasília,DF,398.5225996138318,38.0,13.0
